,Email,Phone Numbers,Home Address,Name,Date of Birth,Number of Kids,Owns or Rents,Annual Income,Speeding Tickets in past year
0,marvinmaynard@example.com,420.647.4098,"642 Wood Ramp
East Samanthaborough, ID 13273",Christina Johnson,1981-06-18,3,Rents,675256,0
1,schmidttheodore@example.com,2506395214,"247 Cooper Viaduct
South Kerrychester, ME 61237",Timothy Miranda,1988-03-02,2,Owns,477138,19
2,yatkins@example.net,001-104-241-9996x773,"23203 Woods Stream Suite 936
Carlaport, CT 11721",Thomas Fischer,2003-09-01,1,Owns,362945,0
3,cnewman@example.net,+1-969-971-8437x549,"168 Richard Center Suite 763
Kristineberg, KY 49712",Christopher Edwards,1967-07-25,2,Rents,928677,10
4,michaellopez@example.net,310.841.8872,"577 Robert Ford
Bakershire, OH 00744",Christopher Gilbert,2000-08-04,4,Rents,536943,14
5,aviladaniel@example.org,837.570.4146,"095 Jeanne Extension Suite 867
Ritaville, HI 44413",Devon Keller,1977-11-23,4,Owns,723225,14
6,cohenmelissa@example.org,659.003.3087x15624,"268 Ware Dam Suite 135
North Chrisview, AZ 48384",Christine Wade,1994-07-23,4,Owns,475195,17
